run_id,ALPHA_Q_UPD,TAU_A_START,TAU_A_END,PATIENT_HABIT_STRENGTH,PATIENT_INFO_ASYMMETRY,WAIT_TOLERANCE_A0,score,n_targets_used,n_targets_in,pass_all,capacity_county_last,capacity_county_mean,capacity_primary_last,capacity_primary_mean,capacity_secondary_last,capacity_secondary_mean,capacity_township_last,capacity_township_mean,flow_share_county_mean,flow_share_primary_mean,insurance_county_share_mean,insurance_primary_share_mean,insurance_total_mean,referral_success_rate_mean,severity_county_mean,severity_primary_mean
0,0.2779400559924769,0.31363005742811856,0.06708023399535917,0.3911346798870775,0.07581667858403761,6.766433392843556,0.0005802131592484038,6,5,False,1200.0,1200.0,723.1802513672136,728.3477721487662,179.88545136721362,185.0529721487652,543.2948,543.2948000000011,0.38819952720355594,0.6118004703385769,0.7288493877284742,0.2711506122715257,173861.8454606925,0.0,0.6016383224133021,0.25138175017774916
1,0.2416619872545341,0.2510169169457068,0.06300826037014973,0.25972797103991857,0.08684116894884757,6.774645396180297,3.0470712380413853e-05,6,5,False,1200.0,1200.0,754.9789843699275,769.5811009841872,175.70898436992746,189.40870098418657,579.27,580.1723999999988,0.3972957494621801,0.6027042480898415,0.7361566411985039,0.26384335880149584,176896.5040384166,0.0,0.600922779754495,0.2514955869529162
2,0.24631838047865706,0.32396007585882014,0.045511479642456054,0.3415646703103712,0.12453097328344932,6.954150297706405,0.0038394282733836636,6,5,False,1200.0,1200.0,854.6201913229422,846.9049529412715,194.66301651686223,189.87520006786377,659.95717480608,657.0297528734068,0.36964439449439235,0.6303556029974033,0.714947123515761,0.2850528764842391,166564.09757577174,0.0,0.6081686255775659,0.2504244370456507
3,0.2353757187723941,0.3327835046359062,0.04954692569842522,0.26838816770447177,0.0791191614609866,8.65405183908036,0.00011751541652227376,6,5,False,1500.0,1500.0,825.2743162683003,813.6437076652207,192.5360762683002,181.3983976326101,632.73824,632.2453100326098,0.4481744011223568,0.5518255964897815,0.7728203815367618,0.2271796184632384,191327.6788948515,0.0,0.5834367939177207,0.24901944056230643
4,0.20487915847675228,0.3264800467883939,0.04925997086107819,0.28657937241574055,0.08290015955640197,6.41051891557013,4.634584882234839,6,2,False,107.44038018309662,173.57075913547212,750.0167611119584,749.8796294302844,140.87953621208646,140.74240453041287,609.137224899872,609.1372248998726,0.0582116045030267,0.9417883924860491,0.22710161045773483,0.7728983895422656,77853.3351890286,0.0,0.8015071219561655,0.2467814074595201
5,0.20622697848911922,0.3152903534626155,0.04352140955830372,0.369106127443573,0.11773658676431673,6.045648426502035,0.0,6,6,True,1500.0,1500.0,789.3440573788474,783.1926443993189,209.55981064320747,205.9357682296285,579.78424673564,577.2568761696905,0.44268950309895755,0.5573104945026975,0.7688399230428056,0.23116007695719457,189853.08389824588,0.0,0.5856089341488846,0.25117031046923644
6,0.21915057709472238,0.3135524583540237,0.054692960233461756,0.3555217181146787,0.09798939002624571,8.543977281343523,0.0003079923796352211,6,5,False,1500.0,1500.0,810.2187575067877,810.8355513816928,204.96293350678775,192.98551064569347,605.255824,617.8500407359998,0.4472232047204616,0.5527767929060614,0.771981835264204,0.2280181647357958,192149.39193599686,0.0,0.5826979623038681,0.24974706827560886
7,0.23733159650932212,0.3076752762621943,0.05249254422925978,0.246825036641614,0.09641673711330555,9.699449433266192,0.0,6,6,True,1200.0,1200.0,758.4894407708161,761.2876901927124,159.28988077081596,164.36861019271194,599.1995600000001,596.9190800000003,0.4000312247402525,0.5999687728182158,0.7386298560917962,0.2613701439082037,177825.64688734547,0.0,0.6000983792366528,0.2506936458402165
8,0.2355388195522616,0.2614594982861431,0.05341546351313467,0.35480792271233613,0.08122223303951567,7.999902100926912,0.0,6,6,True,1500.0,1500.0,762.1638258797643,743.0046249157534,200.77130987976426,181.61210891575462,561.3925160000001,561.392516,0.44438413746490085,0.5556158601319331,0.7698349738307847,0.23016502616921586,189687.04098130311,0.0,0.5840833519228303,0.2513204944917299
9,0.23596494703415727,0.2712488278664327,0.054597581197087915,0.336176306294912,0.10047776493243812,8.352834045403856,0.0008564767758523595,6,5,False,1128.0,1128.0,761.3213669459628,774.3580659430153,178.2213669459628,193.3964659430147,583.1,580.9615999999991,0.3856628306069655,0.614337166909115,0.7275545647572099,0.27244543524279025,172031.07079096773,0.0,0.6058347283977537,0.24975717547995455
10,0.213394895394058,0.27308253522639886,0.052735988402676855,0.38339468104384533,0.11360923715007056,6.886150204557589,0.0,6,6,True,1410.0,1410.0,780.723476344713,776.9357437625878,216.4268877047131,196.3070175737873,564.29658864,580.6287261887993,0.41052131348865745,0.5894786840666559,0.7467591111968107,0.253240888803189,179903.18323645805,0.0,0.5968068564567358,0.2504819933704645
11,0.2673908281050788,0.2914247598921763,0.0373719549895257,0.3921283606551848,0.07912031406079781,6.125066982754557,0.33631962656916486,6,2,False,692.0904214122135,789.0741753952624,700.7585734426866,690.10832101874,153.77717344268666,143.126921018739,546.9814,546.981399999999,0.26730981711391394,0.7326901801699077,0.5753700612024748,0.4246299387975252,138654.41462062954,0.0,0.6363428306636085,0.2490254125054334
12,0.2745067597959383,0.25954094262463107,0.06361589785088245,0.39976328453194626,0.08687582853735981,9.562680053185012,0.5513665254958252,6,2,False,505.3976002973815,632.1034611243983,708.0745150485247,713.2684271551286,159.39455280852482,161.89936615672863,548.6799622399999,551.3690609983995,0.22425697761939364,0.7757430196122357,0.5495456991795149,0.4504543008204853,124565.815430958,0.0,0.6575746168564259,0.2494230690242558
13,0.2522025139264725,0.324387968939048,0.03436361355312383,0.3902742908908884,0.11351998188501754,9.966026519137824,0.00021936173004966268,6,5,False,1200.0,1200.0,758.0252470323226,756.0170879710793,184.39765082345497,178.30617512613978,573.6275962088677,577.7109128449404,0.39274418748781925,0.6072558100517986,0.7334724110542367,0.26652758894576334,174829.64202804805,0.0,0.6025037027182671,0.25035434212694174
14,0.26713776236031117,0.27039411816381187,0.03497428855219126,0.3525888835526186,0.09968879409455325,6.76862123642511,0.6707178426468202,6,2,False,731.4827262492977,743.9202505579996,741.1667880138978,749.4025909994036,134.33214951402567,142.56795249953151,606.8346384998721,606.8346384998728,0.23844543113652658,0.7615545660892308,0.5171119439438333,0.4828880560561668,133399.7855248469,0.0,0.6313061234556283,0.2485154197252912
15,0.22634387911969864,0.2650305462186263,0.030019728283803337,0.25520309626229015,0.09727479965513028,7.5174652066931955,0.0,6,6,True,1500.0,1500.0,739.4066650702174,744.1141555545586,169.11710507021746,175.98459555455932,570.2895599999999,568.1295599999991,0.4211581460390291,0.5788418515427001,0.7541062031394072,0.24589379686059257,183549.59752334698,0.0,0.5916729779606837,0.2506110402642105
16,0.296591949607531,0.2525345765854576,0.04998811787574439,0.3453491229893074,0.08357408369397124,9.41316642735153,3.3251128638371434,6,2,False,187.50672739999746,244.96656374373902,711.0954961355096,715.3682662898085,177.71645763563765,181.98922778993744,533.379038499872,533.379038499872,0.08853163118557633,0.9114683658573187,0.30498710007698704,0.6950128999230134,86235.78626135804,0.0,0.723539030843537,0.24923170943318076
17,0.2374980612804599,0.28144264400285,0.03215085962720155,0.24661661838038196,0.1345135067304275,6.7589035963017,0.0,6,6,True,1500.0,1500.0,774.8863361898798,760.2468379710613,232.8,215.4439406456001,542.0863361898797,544.8028973254605,0.42169676245515086,0.5783032351331904,0.7548963090330574,0.2451036909669428,184954.41596539383,0.0,0.5955398645966803,0.2518461175986698
18,0.23448012144008243,0.29805187829206964,0.040946133308476886,0.3544034721817876,0.09823971934355269,9.465305371071887,4.241049925296135,6,2,False,114.29827679052833,186.4822057349195,771.7597447201034,765.4158506993471,181.9036687201034,175.55977469934743,589.856076,589.8560759999984,0.06685259919865304,0.9331473978181531,0.24972725136000484,0.7502727486399948,80052.1067525744,0.0,0.7364612181261188,0.24815092600271527
19,0.2686040651739564,0.3471212844731101,0.04043663990771541,0.22358498233279342,0.12205109107783468,7.234110721322816,2.727319746869009,6,2,False,285.2837696796111,326.69726039688715,709.8092941333215,720.6006028188962,157.91669998452144,168.70800867009672,551.8925941488001,551.8925941487995,0.10813674254522415,0.891863254560396,0.3422172033832291,0.6577827966167709,92756.42053338928,0.0,0.7077499546647747,0.24816756506680243
20,0.20146070420232454,0.3126628316516329,0.061532005041370755,0.37701464163660053,0.11526396326705063,7.108262151224014,2.593858950574099,6,2,False,249.3440523936137,362.7647206579262,789.7629812189691,796.1793094867352,141.8092652189692,147.8649950867348,647.953716,648.3143144000018,0.11656913491750538,0.8834308621635907,0.35190302780457544,0.6480969721954247,94754.64764386717,0.0,0.689205014455816,0.24640644418464805
21,0.25926744164988624,0.2872825863452119,0.04630429377690687,0.37688898813556304,0.07342582060132294,8.977918010968043,0.0,6,6,True,1500.0,1500.0,795.6150684325667,785.2892296393785,172.33291428376657,162.00707549057927,623.2821541488,623.2821541488007,0.44457944988038994,0.5554205477178766,0.7704884123755624,0.22951158762443757,189622.23084210994,0.0,0.5841959692711725,0.24851092987392603
22,0.23085503783804825,0.3344149787767158,0.04353419425321361,0.3057179078999695,0.07883688611475918,7.719362058823645,5.732482603829715,6,2,False,65.49231850466042,111.1684178864968,723.6776444654283,719.9468991333717,147.76536446542826,144.03461913337097,575.91228,575.9122799999989,0.039297157146549536,0.9607028398177175,0.16885367697427484,0.8311463230257254,72369.25779637048,0.0,0.7906900946528604,0.2466724528493509
23,0.20601491844252887,0.3486288084831578,0.05961626304499487,0.3175050789622769,0.142963487540271,7.811709692179383,0.0003135028148720962,6,5,False,1200.0,1200.0,719.5638752,733.031946433935,206.48987519999997,219.95794643393467,513.0740000000001,513.0740000000004,0.391325861681452,0.6086741358567516,0.7315509714551864,0.26844902854481373,174724.56770438066,0.0,0.6024524790159023,0.2525402246127245
24,0.294364298706373,0.3045982794838254,0.037349383337642476,0.29660816674608564,0.1175850308794176,9.761607278518955,0.003624912374539711,6,5,False,1128.0,1128.0,729.2283997144904,734.2323015156803,197.73580556569036,202.7397073668805,531.4925941488,531.4925941488013,0.3705045940884088,0.6294954033985027,0.7145253765065536,0.2854746234934462,168076.2135156824,0.0,0.6109194085257229,0.25127918628964513
25,0.26836828722074013,0.3071234425938202,0.04263754433526105,0.38974787696275703,0.1471832555000565,7.909480463621058,1.4569484484619941e-05,6,5,False,1500.0,1500.0,776.7461732672817,773.0774166687407,172.51913476740967,168.85037816887,604.227038499872,604.2270384998716,0.4441308670594981,0.5558691305506898,0.7700642126795921,0.2299357873204078,190467.4850449686,0.0,0.5847519494160709,0.24930140627156588
26,0.22680550014341636,0.31251802895369574,0.05783256506101099,0.29127315630952466,0.10705335566993637,6.1095573549262205,0.0,6,6,True,1464.0,1464.0,766.9999942867574,759.932211466336,186.41760868675738,171.0624411303357,580.5823856000001,588.8697703359994,0.42933822395216914,0.5706617736331484,0.7604699634296224,0.2395300365703777,185476.017566593,0.0,0.5910511816716508,0.24943288727138627
27,0.22725720295213805,0.2889835837579715,0.0323589891261832,0.37892525544816474,0.11534740953673697,9.039609542560628,2.7580987107276367,6,2,False,237.5036336979692,325.0088126839941,710.3765081384711,724.175679858292,153.07146963859907,166.87064135841914,557.305038499872,557.3050384998716,0.10841644968095597,0.8915835473909233,0.34155128903374843,0.6584487109662516,91812.82441242067,0.0,0.6924209472663856,0.24776830886609943
28,0.24312763983504163,0.2506401329063654,0.06281851088954356,0.3329873391983375,0.08330013922880215,7.2885447113660895,0.00010292700285403417,6,5,False,1464.0,1464.0,756.5944209946628,762.5095495724272,154.6509257786627,167.61778395642733,601.9434952160001,594.891765616,0.4428859768465012,0.5571140207797831,0.7688886631228182,0.2311113368771818,191242.53975502215,0.0,0.5832473065632456,0.2496376626145844
29,0.22100539959727386,0.264701668941332,0.035819744928841095,0.33260401219741426,0.06172659528678107,7.207624672853097,0.003766733869515239,6,5,False,1128.0,1128.0,754.236702652133,774.2327022612122,167.4767863285591,185.4269570215257,586.7599163235739,588.8057452396848,0.36993313902843106,0.6300668584679877,0.71482901498564,0.2851709850143601,167169.94317304535,0.0,0.6075690005662414,0.24971806360191479
30,0.2894848569957947,0.3209534313753993,0.058281608033364185,0.20348606310974354,0.13798906727651256,7.632144730327946,0.08701767273708959,6,4,False,888.1987057163494,914.7916429825934,668.0144524067116,667.8074355152672,153.72489240671163,153.51787551526704,514.2895599999999,514.2895599999994,0.30908613199224005,0.6909138654137986,0.6438330389357562,0.3561669610642442,152226.6175317055,0.0,0.6291831248833545,0.24855033405704444
31,0.2203586737004993,0.34836124077157804,0.03135196543064231,0.24275716100295736,0.07843430219022325,9.02689522746227,0.0010060394089373822,6,5,False,1200.0,1200.0,756.9664330050766,729.7328761556103,216.08404740507655,187.15316021961073,540.8823856,542.5797159359997,0.38446135597470066,0.6155386415559113,0.7270940230827234,0.2729059769172765,172274.94977309008,0.0,0.604578831286775,0.2496823597083994
32,0.26889440280434074,0.2610221539647977,0.0501451138826946,0.2296466530191813,0.07213394406007337,9.854627574127164,3.2018009217368637,6,2,False,406.2694860961428,271.89604503901285,715.6672067093401,709.2586141206771,155.70061256054007,149.292019971877,559.9665941488,559.9665941487988,0.09129001551749452,0.908709981554084,0.3073812163983887,0.6926187836016111,87632.70796752228,0.0,0.725217523728209,0.2483373358637862
33,0.2586281209608276,0.34488851656245256,0.04987587509536361,0.3877802622113169,0.07870234451893092,6.970452806055725,5.2003198151432006e-05,6,5,False,1500.0,1500.0,814.4011619500152,811.0482842239237,195.45336195001533,190.73728422392495,618.9477999999999,620.3110000000011,0.44366303638969984,0.5563369612251412,0.7697411865281834,0.23025881347181684,190883.20324516585,0.0,0.5848155107992955,0.24977892325724865
34,0.2098389488429818,0.3058504185696967,0.04200800538331485,0.36625707127326385,0.0826520619947411,9.1519818888466,0.00012310513202252855,6,5,False,1200.0,1200.0,829.921482879903,831.6932981880068,206.96166766390294,208.7334829720064,622.959815216,622.9598152160014,0.39456444743513536,0.6054355501355286,0.7343165163279474,0.2656834836720524,177383.88381004543,0.0,0.6002626320264671,0.25129616893546664
35,0.20194362500028903,0.3461453131241742,0.050964807635245316,0.348647357303953,0.05740730310043676,7.3845501166651975,0.0,6,6,True,1500.0,1500.0,761.4351186819733,756.1591713403718,196.16771364197336,190.89176630037255,565.26740504,565.2674050400003,0.4290655570005936,0.5709344406069288,0.759700628665618,0.24029937133438192,187365.28653231022,0.0,0.5897930742001559,0.2502327492800816
36,0.2362091181545677,0.28539764381949695,0.05048944139675786,0.3237976162236478,0.13276374385714956,8.900426575913684,3.958160565807511,6,2,False,134.3004752288708,227.96522849524428,740.7873294810241,746.8792139795374,128.7133294810241,134.8052139795354,612.0740000000001,612.0740000000004,0.07483944421855251,0.9251605527912343,0.2656822384745901,0.7343177615254095,82161.05955840397,0.0,0.7261664885867593,0.24567110986418697
37,0.26054789850098364,0.34707690699356103,0.03590495621326842,0.3451031677109103,0.08175714326472189,9.758259644042646,1.159173161137572e-05,6,5,False,1200.0,1200.0,824.2684685169027,841.8253566344741,192.16498591905878,202.31049095851307,632.1034825978439,639.5148656759596,0.3983320624751718,0.60166793507866,0.7368119874377653,0.2631880125622343,176762.09394745086,0.0,0.599726401034999,0.2519388459771062
38,0.24597673176716697,0.27067961490891357,0.05527682399883581,0.22764366899825586,0.06581316280074492,9.78260696404445,2.0251161873724493,6,2,False,249.3440523936137,417.22736647478666,738.2778958224666,751.3550612063198,166.0857094224665,174.51647480631925,572.1921864000001,576.838586400001,0.13630604555108713,0.8636939515732697,0.397025273996862,0.602974726003138,100816.27340561026,0.0,0.6948328578367945,0.24982844178636687
39,0.26575726407470807,0.28929300480843717,0.055490736137740096,0.3101561677689609,0.05044402806134414,8.044069482135772,0.0,6,6,True,1410.0,1494.6,732.8308656050472,727.6647455015195,169.5568656050472,164.3907455015192,563.274,563.2739999999993,0.43704811986295217,0.5629518777219228,0.7658148345521283,0.23418516544787188,187064.79861743166,0.0,0.5883585654463495,0.24846078818083175
40,0.20601021404317885,0.25769831037381713,0.0500269312305385,0.3765381536764953,0.0909598725885796,8.903440611149442,0.0,6,6,True,1200.0,1200.0,710.96485752923,723.3400247674201,174.69826800923,187.07343524742086,536.26658952,536.2665895199992,0.4037296999096649,0.59627029762586,0.7411718240100497,0.25882817598995045,176849.80197077582,0.0,0.599046154555348,0.25205968336060297
41,0.23710634166719285,0.2780677939833583,0.06318823627431888,0.3218121483316453,0.057767114084829686,8.357371298099755,0.000984572350732698,6,5,False,1200.0,1200.0,766.5510896504773,761.6577550248127,199.02795564586216,190.77339417746006,567.523134004615,570.8843608473536,0.3846280331715214,0.6153719643695131,0.7272490775314757,0.27275092246852445,172903.04170293297,0.0,0.6048215218650767,0.2499232865486949
42,0.2592034750941708,0.2819701438474051,0.06727933306021508,0.2700708371161202,0.1392742146588588,9.942949135752473,0.1124631681074023,6,3,False,557.361436251151,946.0802499239185,844.2583277576409,836.1595265180528,219.882327757641,216.4203265180542,624.376,619.7391999999985,0.30588437111531275,0.694115626275194,0.6422777967748259,0.35772220322517406,149399.68447561888,0.0,0.6317544311756285,0.2519549609567519
43,0.25731828754230085,0.2813215129422009,0.04855838391442263,0.37098160859773943,0.05587751444612726,9.348022132734808,5.7089097663974435,6,2,False,65.49231850466042,111.1684178864968,858.5478061164813,872.2132251798837,157.1224861164813,170.78790517988355,701.4253199999999,701.4253200000004,0.04071576058762452,0.959284236415542,0.16958993924409693,0.8304100607559032,73070.50936079433,0.0,0.7485982193417161,0.24777372631498382
44,0.2939524677467517,0.27216290854763125,0.04974711280086377,0.2750304621603243,0.13413581990296963,9.185332750480324,5.198829613554216,6,2,False,85.00066869753802,144.282414703751,738.921553768532,753.4109458061045,148.57651526865993,162.91950730623196,590.3450384998721,590.4914384998723,0.049625451410362426,0.9503745455530723,0.19629441945563803,0.8037055805443623,74641.87097879879,0.0,0.737242845556854,0.24833425630235906
45,0.22321936150947788,0.33101065525099826,0.0680133039257162,0.31638244214286987,0.08233797291964988,6.4148542731515,0.0,6,6,True,1464.0,1464.0,778.9022726249298,786.7444091117206,179.18027262492976,191.7854491117215,599.722,594.9589600000008,0.4428454082262689,0.5571545893739548,0.7688403974484372,0.23115960255156257,189265.5292059139,0.0,0.5835717859431285,0.25043031600140436
46,0.2563218064676656,0.340304777570248,0.0408844375981105,0.32003843848785263,0.12147934366816984,9.650293911362333,0.004136276885881694,6,5,False,1200.0,1200.0,810.2984435226529,818.7499599354312,169.09232428518084,177.54384069795967,641.2061192374721,641.2061192374732,0.3684927555534984,0.6315072419449058,0.7138486376001648,0.2861513623998353,167335.93507367923,0.0,0.6102964396549069,0.24971113630459427
47,0.2810345443720902,0.3236998834554587,0.03754886202353874,0.38210054149516287,0.1344171021722083,6.982084623007956,3.0897880542832485,6,2,False,313.0273089593231,306.5236245028574,784.2180514585395,776.5769099293946,148.57651526865993,140.93537373951526,635.6415361898796,635.641536189878,0.09766033498022825,0.90233966210607,0.3155476638936975,0.6844523361063026,90271.42319330432,0.0,0.7189180434898236,0.24562068277652926
48,0.26472759433668414,0.2689480576375767,0.06684990150304027,0.34488201505606797,0.0726458638229652,7.379499498613717,0.0,6,6,True,1500.0,1500.0,812.3741136419734,805.3072675663228,196.16771364197334,186.8958418675581,616.2064,618.411425698767,0.44003226146210683,0.5599677361509137,0.7677588248256773,0.2322411751743228,189944.48170310401,0.0,0.5883483210030848,0.24966228129639437
49,0.24961849041684567,0.3477464913252107,0.03796393243340174,0.23661665781603605,0.12119350746230231,8.098476397441186,3.9026126146134117,6,2,False,165.35134676791478,234.23886112396937,697.5127965028239,703.012235572563,157.02208518715412,157.42299263869606,540.4907113156698,545.5892429338685,0.07602130633518354,0.9239786907028182,0.2676475463416293,0.7323524536583708,83503.12754703022,0.0,0.7308880018585829,0.2486563898514365
50,0.2795037820213916,0.3316626692602346,0.054324234928710136,0.3512455701970467,0.1488872829929258,8.363774293692941,0.0,6,6,True,1500.0,1500.0,793.2514382290585,758.2905085810365,212.25839563121454,180.41066012137478,580.993042597844,577.8798484596607,0.4321880807755556,0.5678119168386179,0.7615140331683405,0.23848596683165954,188266.42652964222,0.0,0.5874075941758652,0.25100296766079794
51,0.2554322875662895,0.3097150983574481,0.04235285566849548,0.30226877563788046,0.13784978514876817,6.975335607985548,0.0035791101945722554,6,5,False,1200.0,1200.0,807.7222956093685,812.5787433899674,162.77539960936855,165.63844578996654,644.946896,646.9402976000008,0.37069152943776595,0.6293084680588497,0.715750404897255,0.2842495951027451,167873.8925210269,0.0,0.6104665688113846,0.25041261197431
52,0.23340303173117938,0.32565426125348096,0.03875769222319733,0.3973238383636513,0.14363056614066322,7.388515274634045,5.5390534988052265,6,2,False,110.32001682020889,119.45336842131495,666.0239423166777,663.4650638914062,166.02394231667773,163.465063891406,500.0,500.0,0.04150848339563788,0.9584915136002679,0.17757817024237987,0.8224218297576202,73700.89753685854,0.0,0.7869532681285538,0.24770015321435554
53,0.2349427326008967,0.33013974511399147,0.03199801785631308,0.3054602814934551,0.08616549751307367,8.215742542748286,1.4632745295072185,6,2,False,684.3498224371879,493.3084990880901,693.5281163494116,700.9735877261488,149.83270654054388,157.27817791728125,543.6954098088677,543.695409808868,0.16509636381016757,0.8349036333342922,0.4354326281449444,0.5645673718550553,109452.12975455452,0.0,0.6767274384806795,0.24778608889819118
54,0.20946963052372697,0.25576887900831374,0.06295945323871063,0.23941955517120594,0.14773075291900944,9.447496525485532,0.0033904551250300377,6,5,False,1128.0,1128.0,794.4265541288378,781.810987633152,199.4905541288378,192.126094840927,594.936,589.6848927922263,0.37147441096125783,0.6285255865204668,0.717057944703768,0.282942055296232,167335.80136797135,0.0,0.6126516180482757,0.2502661759720764
55,0.22871670574003203,0.30000567413480117,0.043798168623120505,0.3347704669621685,0.12023627877330677,6.308791474289421,0.0009766439218369845,6,5,False,1200.0,1200.0,773.3604421748227,747.5051058377088,188.55425577482262,172.3362154377094,584.8061864,575.1688903999996,0.38469005090665304,0.6153099465979914,0.7272616109575047,0.2727383890424958,170585.1239611156,0.0,0.6050893795521114,0.24988213190604994
56,0.22861488544006542,0.28988857084671743,0.0412246962223098,0.223928202787259,0.08812105149466867,9.826699103377017,0.0,6,6,True,1500.0,1500.0,825.1710717075283,816.2431603295636,222.21707170752825,213.27084035800675,602.9540000000001,602.9723199715555,0.4390837493330326,0.5609162482401614,0.7666929650432219,0.23330703495677813,186670.98659451984,0.0,0.5872926396802673,0.2502967853624963
57,0.22620430439079953,0.3233552873647094,0.030620042733207613,0.3879972042457974,0.08765893479988458,7.428090755178463,0.0,6,6,True,1200.0,1200.0,675.5343020162992,686.3543572717676,144.49707711642725,159.71713237189707,531.037224899872,526.6372248998732,0.40712860507869203,0.5928713924612551,0.7438329046235478,0.2561670953764525,177688.80093460347,0.0,0.5965611745207332,0.24926254887072385
58,0.28484093550270395,0.297232212756896,0.05156339677927138,0.22729082640830556,0.07655975131519462,9.438813806636718,0.0,6,6,True,1320.0,1320.0,772.4685738939172,798.8940781991673,178.55746248442728,175.4679949240871,593.91111140949,623.4260832750796,0.41252528432173496,0.5874747132332998,0.7483453806398491,0.2516546193601508,179805.81050703957,0.0,0.5953879300041207,0.24926607281835786
59,0.2872964426411564,0.2676869038079043,0.06977393159220611,0.3962811343874463,0.10469613103676037,9.485121564521899,0.00917581872581137,6,5,False,1200.0,1200.0,783.3793287658623,769.1065202119878,199.02795564586216,193.02311246158766,584.3513731200001,576.0834077504002,0.35307243353640927,0.6469275639276952,0.7004559817160334,0.2995440182839666,161160.54472568075,0.0,0.6105373271952564,0.2498764475528555
60,0.21950163882507845,0.3040779998238872,0.05934410550537236,0.26516946574959455,0.10532168661254379,8.916173198660763,5.278443584608594,6,2,False,104.95058408264919,134.25263985471975,697.9842537510989,697.3257564822466,140.7253311612192,137.39225072560532,557.2589225898797,559.93350575664,0.04768737357982092,0.9523126234032445,0.1915242654525524,0.8084757345474471,74294.32889839931,0.0,0.7349434548621488,0.24691717269232646
61,0.29646211045379905,0.31294936808966073,0.042587308852007406,0.2016979630583216,0.07587070153495798,9.906922306822114,3.0790461036685213,6,2,False,230.30799670263184,272.6758866387219,679.4341919376188,675.162028093971,166.73419193761882,162.46202809397155,512.7,512.6999999999992,0.09477370089532924,0.9052262961639436,0.3203133049630187,0.679686695036981,88360.4854001382,0.0,0.7276966259914209,0.24744818077358668
62,0.2018535221238932,0.3144572295337644,0.041259772868399956,0.3471484070207273,0.0797058117760314,9.287268950355472,0.00017813271455607111,6,5,False,1500.0,1500.0,804.2494717075283,795.2579556231221,222.21707170752825,211.35273962312155,582.0324,583.9052159999993,0.44493675097280233,0.5550632466472373,0.7705171345135255,0.2294828654864747,191634.62250025535,0.0,0.5854293075384286,0.2513960720072674
63,0.21411263863074453,0.25354428539532986,0.0620518916202448,0.3520532774483174,0.06826872650680707,8.162567564803433,2.824039239582392,6,2,False,223.73540411760393,306.1678548468369,729.226137798876,727.1776096568335,171.773099299004,169.72457115696088,557.453038499872,557.4530384998724,0.10678898084621903,0.8932110162136397,0.3371930706439937,0.6628069293560066,91155.4761503148,0.0,0.7031535335290368,0.24929341637305416
64,0.21038589486512865,0.2541078507739249,0.059148455748823076,0.2929683103399679,0.06854353743168712,9.168458408441472,4.091714941983509e-06,6,5,False,1500.0,1500.0,759.7863955747733,774.5298864374414,169.85758884197332,186.3210744807043,589.9288067328,588.2088119567367,0.4377129953831188,0.5622870022400277,0.7657645314714457,0.23423546852855437,190247.74124430493,0.0,0.5863410929826134,0.2495614972581428
65,0.2857557910439342,0.26051449404451277,0.06061527546917278,0.2180934566536532,0.09854026739870558,6.519290722809086,0.3110809727082235,6,2,False,523.9197500760819,839.8491211035521,790.9670203643382,784.5594607016402,191.74527396433814,185.33771430164012,599.2217464,599.2217463999991,0.26792651591400246,0.7320734814131995,0.5870909999261252,0.4129090000738749,139890.05811667859,0.0,0.6495090178882157,0.2506660182676035
66,0.2804429353363659,0.2679846883155937,0.04422048606815913,0.36718454408729373,0.05474760701724934,6.541387483514415,5.777730430454029,6,2,False,78.85092718455982,119.42199801856512,731.8342181184717,735.2317441069118,169.31421811847173,172.71174410691228,562.52,562.519999999999,0.03938313836095568,0.9606168586375898,0.16547120097207202,0.8345287990279282,73257.4514292362,0.0,0.7900034783581408,0.24928435602925123
67,0.23758258106957428,0.2793164386150464,0.05165823881073725,0.32535369019043936,0.10508648991759355,7.631910844932975,0.0018599111239974654,6,5,False,1200.0,1200.0,770.6915460011186,769.991950920556,185.05754600111857,182.12742095080844,585.634,587.8645299697462,0.37887232455381353,0.6211276729677185,0.7226929485920419,0.2773070514079582,170849.5611743972,0.0,0.6075366004754678,0.2505395867851113
68,0.2874255455680566,0.270552118775677,0.05184041240862797,0.28573528880709304,0.1167233370877449,6.441765302784548,2.933126074967021,6,2,False,230.30799670263175,316.6413324999828,726.6123351832093,725.086503471144,180.4383351832094,178.9125034711455,546.174,546.1739999999992,0.10368036626508212,0.8963196308453584,0.3279505860048685,0.6720494139951317,92586.87374150286,0.0,0.7239083550182452,0.24846330442989753
69,0.2203192891195098,0.30296761592554666,0.055389607017303874,0.36683745951068325,0.1480305144947492,7.8118137467095305,5.858301837116492,6,2,False,65.49231850466042,111.1684178864968,766.5003342631608,781.229899503541,184.9279342631608,190.33868350353856,581.5724,590.8912159999996,0.037999774576531614,0.9620002224100164,0.16191458974119755,0.8380854102588021,72563.1308173974,0.0,0.7943164820217277,0.24872952103416884
70,0.25966991121897065,0.28858844882999807,0.06732091287633866,0.2849848413149654,0.1013996763560183,6.749261094293974,0.0,6,6,True,1100.8560335999996,1425.1953284159993,797.16608,803.8122253534646,212.47008,219.36550535346439,584.696,584.4467200000005,0.4167874406961159,0.5832125568838009,0.7503989607602545,0.24960103923974594,182838.18556098547,0.0,0.5955007883123458,0.2511862619507188
71,0.22772536536255042,0.3308361922162641,0.06532537260761757,0.3657265329402667,0.10547171532009522,9.169490621845405,4.561744006233744,6,2,False,130.65373754064518,166.20484665470485,717.1949095798163,717.1949095798175,146.69875543101642,146.69875543101628,570.4961541488,570.4961541488005,0.060278555158222086,0.9397214418619814,0.2303596852640165,0.7696403147359838,78464.24893573005,0.0,0.727252564680635,0.2479927881085044
72,0.2050283921135938,0.265397716884445,0.03470825110907546,0.37375245709615135,0.05083154156463229,8.62685163376069,0.012138133756704694,6,4,False,1200.0,1200.0,785.5369152312167,778.1553429010519,210.67731523121648,203.29574290105109,574.8596000000001,574.8596000000014,0.3469908570599521,0.653009140433587,0.6949210516253191,0.3050789483746811,161626.62193222425,0.0,0.6126253708910316,0.2501032892310064
73,0.2945727223240163,0.282508215640657,0.03207893751730472,0.3091721261259483,0.064070045597303,9.33972311923694,0.0005742905005483405,6,5,False,1200.0,1200.0,787.877030517827,773.9897918486075,183.45703051782698,175.2483518486062,604.4200000000001,598.7414399999999,0.38825990970513424,0.6117400878023267,0.7300081802993202,0.2699918197006797,172054.59194764812,0.0,0.6045093596390722,0.24855412659253662
74,0.2311555349175686,0.28756379151692857,0.05642718693166841,0.27598212265559763,0.06941510422560372,8.201477427965582,6.030426865915484,6,2,False,65.49231850466042,111.1684178864968,674.3845009122138,676.8373467972498,130.68468276056052,133.13752864559532,543.6998181516532,543.6998181516536,0.03620499385755843,0.9637950030905528,0.15349822337428712,0.8465017766257132,70962.90293439287,0.0,0.7630271141603427,0.24570391715151868
75,0.23288361934905075,0.2812499749121746,0.0625389310843999,0.26385706838397804,0.11491147892973048,8.207844092500295,5.0883571694846655e-05,6,5,False,1500.0,1500.0,719.2389644654282,726.3305924290765,147.7653644654283,153.86242260469865,571.4735999999999,572.4681698243782,0.44734695253405954,0.5526530450701008,0.7725674770775117,0.22743252292248797,190873.6438493017,0.0,0.5853460089203018,0.2490048232860538
76,0.2031658191692572,0.25067425211761457,0.06012019816278346,0.289064432190973,0.09291496351900695,8.499501281879091,0.0005144342397963263,6,5,False,1500.0,1500.0,795.488199757113,784.8310299651471,216.206199757113,199.14870196514778,579.2819999999999,585.6823279999991,0.4501821258738846,0.5498178717467282,0.7741309803544664,0.22586901964553355,192777.86133508224,0.0,0.5838703681070228,0.24952580567831986
77,0.2927966213362023,0.2699174801198831,0.04124384994886081,0.24113129340410308,0.12432259578031803,8.055493300034865,5.42160120090679,6,2,False,76.63994718630475,130.09070178207045,807.6333843748496,813.9989624956991,157.03026196684942,161.39944202337983,650.6031224080001,652.5995204723201,0.04505500253582345,0.9549449943920688,0.18510707527652534,0.8148929247234744,72906.23414819648,0.0,0.788105854093628,0.24743206195516712
78,0.2524372452640512,0.28592714502339234,0.033886302566778485,0.3151684369043719,0.13579860660677323,8.238742132279864,0.0,6,6,True,1410.0,1410.0,847.3571159368109,844.9896003932715,149.07470050801084,154.48839050855165,698.2824154288,690.5012098847197,0.4115503595322736,0.5884496380369556,0.7484546588449942,0.2515453411550055,181257.77948501013,0.0,0.5992107149505853,0.24880566024985523
79,0.22446561024384756,0.2815456553719945,0.06166501728449048,0.22742246952198866,0.138075036552657,8.233041055102587,0.0,6,6,True,1500.0,1500.0,781.2136717914952,787.3763700377318,173.49977419149525,176.4237582297309,607.7138976,610.9526118079998,0.44379208938042425,0.5562079082143798,0.769916531342179,0.23008346865782106,189429.00601371302,0.0,0.5856581852928248,0.2494017665495086
80,0.27366712754667133,0.2679912946211285,0.053534772331288276,0.34568707388338266,0.08944594470747248,6.4062305662204135,4.925115449639277,6,2,False,125.72810446958118,157.83780701384578,711.5963148466891,727.6276879079336,171.4355786568094,187.46695171805436,540.1607361898797,540.1607361898791,0.052164674565468694,0.9478353224378644,0.20997664922099088,0.7900233507790095,77035.19022725112,0.0,0.7981134083029636,0.2491862778762762
81,0.2563280812114345,0.26919898043782475,0.05115310880761383,0.2900544522632651,0.07552902905834052,7.441966075783832,4.236442224118403,6,2,False,143.18129842622852,198.4599842668878,715.2593272249858,717.2153193774441,163.59273770498578,165.5487298574447,551.66658952,551.666589519999,0.06743443958129856,0.9325655574590512,0.2483213623145038,0.7516786376854963,81436.62293459255,0.0,0.760430650799665,0.2477380655557857
82,0.24315526582182728,0.31588019452163857,0.03991020523147389,0.31059786321813904,0.07730660586639755,7.830126835073062,1.7179385820647897,6,2,False,290.37999257816654,437.8040500224898,806.82930366613,803.1265906610429,165.29023345544925,159.26053744644142,641.5390702106808,643.8660532146014,0.15107225956724413,0.8489277375387292,0.4228429318192719,0.5771570681807281,103024.45629349053,0.0,0.6804218109236778,0.24782121062707663
83,0.22031641551048267,0.2839777811458281,0.0467695857616109,0.21539246920290178,0.08211234759628191,9.586517900291929,1.774108227525052,6,2,False,327.9248903480336,458.38410640033294,817.7256209344389,809.8733182460252,199.4083036405591,197.92132811374498,618.3173172938798,611.9519901322788,0.14547064156354406,0.8545293555719469,0.41649337302105144,0.5835066269789482,103509.83638178483,0.0,0.6888772484016841,0.25096866974761756
84,0.2572289875040222,0.26760461115909445,0.04067019124195781,0.32357333128111954,0.13968470058366902,9.474134045825824,5.58445298642815,6,2,False,74.11987155348623,123.5747541057986,762.5552800195485,768.3404745696793,151.0604800195485,156.8456745696794,611.4947999999999,611.4948000000003,0.043231525811365835,0.9567684711511157,0.17619025956894904,0.8238097404310514,72701.23008329535,0.0,0.7364460324409932,0.24804502552330102
85,0.26262608671275656,0.34759684808522723,0.052940504325392476,0.2084556225172108,0.1326969997634248,9.501954814446218,0.07690622210006634,6,4,False,888.1987057163492,884.2558720774516,687.225491620896,702.9519446383946,146.69875543101642,155.82491160007265,540.5267361898797,547.1270330383239,0.30721416082458686,0.6927858365382703,0.6503807462960941,0.34961925370390595,149380.68403906596,0.0,0.6353883205090178,0.24943873956844828
86,0.22037422716080557,0.30443035186431744,0.045618164868122785,0.32298885520571863,0.10646109637265486,9.207949616698446,3.2151903880782644,6,2,False,185.8310468936159,272.91607564072126,718.8809394666439,720.3787796439154,184.088345317844,185.58618549511536,534.7925941487999,534.7925941487994,0.09252396556674602,0.9074760314841133,0.3120497568263574,0.6879502431736426,87386.73290922947,0.0,0.706311762005592,0.2499756031135728
87,0.21151126247145322,0.3142180703956641,0.038856473795358365,0.3084241313351087,0.1306895927562569,7.698592098610591,5.118531410543714,6,2,False,100.99395737211081,159.93218236772316,735.7659343275272,729.4776076335427,168.09934480752725,161.81101811354156,567.66658952,567.666589519999,0.05026742653790265,0.9497325704813189,0.19950571392303806,0.8004942860769618,76621.14977845548,0.0,0.7457615320142331,0.2482362068733757
88,0.2922890737069385,0.27489359846907807,0.046690621668491354,0.20841932679522424,0.05371979120945319,8.309711678071217,4.1071314847990985,6,2,False,136.2124601923744,207.67558918956692,800.0036590595485,803.722095717971,151.0604800195485,154.7789166779702,648.94317904,648.9431790399991,0.07105678375051243,0.9289432132625641,0.25660831439881987,0.7433916856011804,81287.41195210877,0.0,0.7325103625256504,0.2478117368068116
89,0.2631774493863638,0.26003033369897843,0.05579761818781005,0.3645158218783476,0.06977938475583378,6.353368378630504,3.1312437560631934e-05,6,5,False,1500.0,1500.0,824.1229303102544,791.9121010491596,210.41691966704684,189.79795568700712,613.7060106432076,602.1141453621534,0.43896941554145164,0.5610305820810925,0.7668797941067271,0.23312020589327317,190685.33682478726,0.0,0.5879011092696554,0.25023773767848
90,0.22907187761013695,0.32125381104726736,0.03602399114754495,0.2415270767294279,0.13368941882690444,7.47872205065384,0.004289924630841171,6,5,False,1200.0,1200.0,740.1408965989295,724.5048667465235,159.5623805989295,148.15928720093726,580.578516,576.3455795455857,0.3679129011688205,0.6320870963269417,0.7143365093431823,0.28566349065681773,167103.8693407928,0.0,0.6128471026824268,0.2494976045864866
91,0.28592932013835887,0.3347538731353087,0.04990606868025391,0.3274790095413508,0.09916426922779026,8.012872869638075,0.0003348650466647376,6,5,False,1500.0,1500.0,759.9587173652537,761.529630374268,179.88545136721365,180.22186441912189,580.07326599804,581.3077659551468,0.4495885251780717,0.5504114724358601,0.7741297660506703,0.22587023394932942,192241.1996118086,0.0,0.5855091706333072,0.2488140700105781
92,0.2856013973017497,0.2664235962510682,0.06661401182550983,0.3968954233652261,0.14886492016670833,7.679007091061127,1.8339250207635178e-05,6,5,False,1200.0,1200.0,834.0516424575804,846.2321877822117,185.62572265150038,205.44727336818298,648.4259198060801,640.78491441403,0.3979020438398688,0.6020979537251224,0.7371591585769264,0.2628408414230738,178096.93573046237,0.0,0.6020446675015113,0.2521026068416414
93,0.24248413871234953,0.339806499501606,0.04507281627918679,0.261244430010173,0.12199044868944894,6.186612021999753,5.133837204112896,6,2,False,85.00066869753799,144.282414703751,729.2268209544719,749.7559699638322,158.1400847645922,178.6692337739529,571.0867361898797,571.0867361898786,0.04906582609896062,0.9509341708766468,0.19989900073405895,0.8001009992659407,75371.48379620726,0.0,0.8090501266560679,0.24803868003121404
94,0.28197452644957377,0.3221358002614118,0.06562399331036783,0.22863946523266945,0.1143534478722928,9.958578302825806,0.0009325282346670737,6,5,False,1500.0,1500.0,754.375829722593,729.4200575156648,187.30919122272098,162.35341901579363,567.066638499872,567.0666384998711,0.4518343663071087,0.548165631318318,0.7754927571860493,0.2245072428139512,193740.04325108763,0.0,0.5842130704358889,0.24991454342307962
95,0.25368898516612115,0.26028393888566614,0.062081259798037344,0.25499267479828025,0.09570631107202299,8.142347630286887,1.3763424441900567e-05,6,5,False,1200.0,1200.0,793.0205960000001,796.0289464701142,205.70207999999997,221.30022090901116,587.318516,574.7287255611028,0.3981825232144382,0.6018174743334361,0.7377334023405392,0.26226659765946064,176943.49980519552,0.0,0.6025230571017591,0.2502199960326548
96,0.20924531253230103,0.2726722282389759,0.03959794752631143,0.2713586400864642,0.056291648776280824,9.287832328681834,0.0,6,6,True,1500.0,1500.0,773.3420121455842,743.5740663514551,225.6924521455842,191.41427091971616,547.6495600000001,552.1597954317381,0.4392190742979477,0.5607809232994607,0.7672432053847608,0.23275679461523968,188714.67106886365,0.0,0.588349576787872,0.24822310502370817
97,0.28740637516175427,0.26688762623933815,0.05864922843060922,0.2798567488530177,0.05043325292846367,9.472115784137825,0.0015730211358940475,6,5,False,1200.0,1200.0,751.3934343588955,748.4576267547315,146.20084021009558,143.26503260593125,605.1925941488,605.1925941488006,0.3805699955580404,0.6194300019567995,0.7240869844277766,0.2759130155722234,170497.74424062748,0.0,0.6065145881217944,0.2476331970689849
98,0.20074348955134916,0.26384531220588203,0.059806179517759774,0.302735035543317,0.13492725114935605,6.228811005657601,0.004436583200824713,6,5,False,1500.0,1500.0,940.788708,906.496220563332,232.8,218.44895408664968,707.988708,688.0472664766816,0.4197817955903586,0.5802182019914972,0.7536556104964954,0.2463443895035042,183804.98041354187,0.0,0.5958072189855284,0.25103615450964845
99,0.2946572668302825,0.2917269110100115,0.03262824870461788,0.26149375538255504,0.08775491030196139,6.448960349150022,0.21952772692715306,6,4,False,937.1472217621064,833.3595028196594,767.0338257287209,778.1145761579552,152.02823620872084,159.24916059315504,615.0055895200001,618.8654155647994,0.2814678723182963,0.7185321250066261,0.6017187846410044,0.39828121535899563,143912.48401432898,0.0,0.6379747984099109,0.24939983963475293
